id,first_name,last_name,email,gender,ip_address
1,Elora,MacFadden,emacfadden0@thetimes.co.uk,Female,80.94.178.123
2,Brewer,England,bengland1@sakura.ne.jp,Male,44.138.183.53
3,Emalia,Lyte,elyte2@irs.gov,Female,151.244.155.195
4,Abby,Roads,abbyroads3@cargocollective.com,Male,59.37.39.151
5,Elyse,Skull,eskull4@mapquest.com,Female,240.139.187.165
6,Hal,Cain,hcain5@nydailynews.com,Male,218.243.104.238
7,mario,Bunford,mbunford6@time.com,Male,192.86.128.113
8,Benoit,Mallard,bmallard7@accuweather.com,Male,201.145.216.44
9,Gearalt,Napper,gnapper8@goo.gl,Agender,12.160.237.95
10,Iris,Peatt,ipeatt9@sfgate.com,Female,88.232.127.250